glyph_name,ps_name,sort_final
.notdef,.notdef,1
.null,.null,2
nonmarkingreturn,nonmarkingreturn,3
space,space,4
exclam,exclam,5
exclam.alt,exclam.alt,6
quotedbl,quotedbl,7
numbersign,numbersign,8
dollar,dollar,9
percent,percent,10
ampersand,ampersand,11
quotesingle,quotesingle,12
parenleft,parenleft,13
parenright,parenright,14
asterisk,asterisk,15
plus,plus,16
comma,comma,17
hyphen,hyphen,18
period,period,19
slash,slash,20
zero,zero,21
one,one,22
two,two,23
three,three,24
four,four,25
five,five,26
six,six,27
seven,seven,28
eight,eight,29
nine,nine,30
colon,colon,31
semicolon,semicolon,32
less,less,33
equal,equal,34
greater,greater,35
question,question,36
question.alt,question.alt,37
at,at,38
A,A,39
B,B,40
C,C,41
D,D,42
E,E,43
F,F,44
G,G,45
H,H,46
I,I,47
J,J,48
K,K,49
L,L,50
M,M,51
N,N,52
O,O,53
P,P,54
Q,Q,55
R,R,56
S,S,57
T,T,58
U,U,59
V,V,60
W,W,61
X,X,62
Y,Y,63
Z,Z,64
bracketleft,bracketleft,65
backslash,backslash,66
bracketright,bracketright,67
asciicircum,asciicircum,68
underscore,underscore,69
grave,grave,70
a,a,71
b,b,72
c,c,73
d,d,74
e,e,75
f,f,76
g,g,77
h,h,78
i,i,79
j,j,80
k,k,81
l,l,82
m,m,83
n,n,84
o,o,85
p,p,86
q,q,87
r,r,88
s,s,89
t,t,90
u,u,91
v,v,92
w,w,93
x,x,94
y,y,95
z,z,96
braceleft,braceleft,97
bar,bar,98
braceright,braceright,99
asciitilde,asciitilde,100
nbspace,uni00A0,101
exclamdown,exclamdown,102
cent,cent,103
sterling,sterling,104
currency,currency,105
yen,yen,106
brokenbar,brokenbar,107
section,section,108
dieresis,dieresis,109
copyright,copyright,110
ordfeminine,ordfeminine,111
guillemotleft,guillemotleft,112
logicalnot,logicalnot,113
softhyphen,uni00AD,114
RegisteredSgn,registered,115
macron,macron,116
degree,degree,117
plusminus,plusminus,118
twosuperior,twosuperior,119
threesuperior,threesuperior,120
acute,acute,121
mu,mu,122
paragraph,paragraph,123
periodcentered,periodcentered,124
cedilla,cedilla,125
onesuperior,onesuperior,126
ordmasculine,ordmasculine,127
guillemotright,guillemotright,128
onequarter,onequarter,129
onehalf,onehalf,130
threequarters,threequarters,131
questiondown,questiondown,132
Agrave,Agrave,133
Aacute,Aacute,134
Acircumflex,Acircumflex,135
Atilde,Atilde,136
Adieresis,Adieresis,137
Aring,Aring,138
AE,AE,139
Ccedilla,Ccedilla,140
Egrave,Egrave,141
Eacute,Eacute,142
Ecircumflex,Ecircumflex,143
Edieresis,Edieresis,144
Igrave,Igrave,145
Iacute,Iacute,146
Icircumflex,Icircumflex,147
Idieresis,Idieresis,148
Eth,Eth,149
Ntilde,Ntilde,150
Ograve,Ograve,151
Oacute,Oacute,152
Ocircumflex,Ocircumflex,153
Otilde,Otilde,154
Odieresis,Odieresis,155
multiply,multiply,156
Oslash,Oslash,157
Ugrave,Ugrave,158
Uacute,Uacute,159
Ucircumflex,Ucircumflex,160
Udieresis,Udieresis,161
Yacute,Yacute,162
Thorn,Thorn,163
LtnSmSharpS,germandbls,164
agrave,agrave,165
aacute,aacute,166
acircumflex,acircumflex,167
atilde,atilde,168
adieresis,adieresis,169
aring,aring,170
ae,ae,171
ccedilla,ccedilla,172
egrave,egrave,173
eacute,eacute,174
ecircumflex,ecircumflex,175
edieresis,edieresis,176
igrave,igrave,177
iacute,iacute,178
icircumflex,icircumflex,179
idieresis,idieresis,180
eth,eth,181
ntilde,ntilde,182
ograve,ograve,183
oacute,oacute,184
ocircumflex,ocircumflex,185
otilde,otilde,186
odieresis,odieresis,187
divide,divide,188
oslash,oslash,189
ugrave,ugrave,190
uacute,uacute,191
ucircumflex,ucircumflex,192
udieresis,udieresis,193
yacute,yacute,194
thorn,thorn,195
ydieresis,ydieresis,196
amacron,amacron,197
emacron,emacron,198
itilde,itilde,199
imacron,imacron,200
dotlessi,dotlessi,201
eng,eng,202
omacron,omacron,203
OE,OE,204
oe,oe,205
Scaron,Scaron,206
scaron,scaron,207
utilde,utilde,208
umacron,umacron,209
Ydieresis,Ydieresis,210
LtnCapZCaron,Zcaron,211
LtnSmZCaron,zcaron,212
florin,florin,213
ascript,uni0251,214
cturn,uni0254,215
ccurl,uni0255,216
drthook,uni0256,217
schwa,uni0259,218
epsilonlatin,uni025B,219
Ismallcap,uni026A,220
nlftlfthook,uni0272,221
nrthook,uni0273,222
srthook,uni0282,223
trthook,uni0288,224
upsilonlatin,uni028A,225
vturn,uni028C,226
zcurl,uni0291,227
glottalstop,uni0294,228
hsuper,uni02B0,229
apostrophe,uni02BC,230
circumflex,circumflex,231
caron,caron,232
modifiermacron,uni02C9,233
length,uni02D0,234
breve,breve,235
dotaccent,dotaccent,236
ring,ring,237
ogonek,ogonek,238
tilde,tilde,239
hungarumlaut,hungarumlaut,240
gravenosp,gravecomb,241
acutenosp,acutecomb,242
circumflexnosp,uni0302,243
tildenosp,tildecomb,244
macronnosp,uni0304,245
CombOverline,uni0305,246
brevenosp,uni0306,247
dotnosp,uni0307,248
dieresisnosp,uni0308,249
CombRingAbv,uni030A,250
haceknosp,uni030C,251
candrabinducomb,uni0310,252
dotsubnosp,dotbelowcomb,253
ringsubnosp,uni0325,254
CombCedilla,uni0327,255
cgj,uni034F,256
pi,pi,257
etilde,uni1EBD,258
amacrontilde,a_uni0304_uni0303,259
emacrontilde,e_uni0304_uni0303,260
imacrontilde,i_uni0304_uni0303,261
omacrontilde,o_uni0304_uni0303,262
umacrontilde,u_uni0304_uni0303,263
mcandrabindu,m_uni0310,264
FracSlash,fraction,265
DevInvCandrabindu,uni0900,266
DevInvCandrabindu.alt,uni0900.alt,267
DevCandrabindu,uni0901,268
DevCandrabindu.alt,uni0901.alt,269
DevAnusvara,uni0902,270
DevVisarga,uni0903,271
DevVisarga.alt,uni0903.alt,272
DevVowelShortA,uni0904,273
DevVowelShortANukta,uni0904093C,274
DevVowelA,uni0905,275
DevVowelANukta,uni0905093C,276
DevVowelA.archaic,uni0905.archaic,277
DevVowelAA,uni0906,278
DevVowelAANukta,uni0906093C,279
DevVowelAA.archaic,uni0906.archaic,280
DevVowelI,uni0907,281
DevVowelINukta,uni0907093C,282
DevVowelII,uni0908,283
DevVowelIICandrabindu,uni09080901,284
DevVowelIIBindu,uni09080902,285
DevVowelIINukta,uni0908093C,286
DevVowelU,uni0909,287
DevVowelUNukta,uni0909093C,288
DevVowelUU,uni090A,289
DevVowelUUNukta,uni090A093C,290
DevVowelR,uni090B,291
DevVowelRNukta,uni090B093C,292
DevVowelL,uni090C,293
DevVowelLNukta,uni090C093C,294
DevVowelCandraE,uni090D,295
DevVowelCandraENukta,uni090D093C,296
DevVowelShortE,uni090E,297
DevVowelShortENukta,uni090E093C,298
DevVowelE,uni090F,299
DevVowelENukta,uni090F093C,300
DevVowelAI,uni0910,301
DevVowelAINukta,uni0910093C,302
DevVowelCandraO,uni0911,303
DevVowelCandraONukta,uni0911093C,304
DevVowelShortO,uni0912,305
DevVowelShortONukta,uni0912093C,306
DevVowelO,uni0913,307
DevVowelONukta,uni0913093C,308
DevVowelO.archaic,uni0913.archaic,309
DevVowelAU,uni0914,310
DevVowelAUNukta,uni0914093C,311
DevVowelAU.archaic,uni0914.archaic,312
DevKa,uni0915,313
DevHalfKa,uni0915094D.half,314
DevK.Ka,uni0915094D0915,315
DevK.Ka.alt,uni0915094D0915.alt,316
DevK.Ta,uni0915094D0924,317
DevKaR,uni0915094D0930,318
DevKaR.alt,uni0915094D0930.alt,319
DevHalfKaR,uni0915094D0930094D.half,320
DevHalfKaR.alt,uni0915094D0930094D.half.alt,321
DevK.Ssa,uni0915094D0937,322
DevHalfK.Ssa,uni0915094D0937094D.half,323
DevK.Ssa.archaic,uni0915094D0937.archaic,324
DevHalfK.Ssa.archaic,uni0915094D0937094D.half.archaic,325
DevK.SsaR,uni0915094D0937094D0930,326
DevHalfK.SsaR,uni0915094D0937094D0930094D.half,327
DevKha,uni0916,328
DevHalfKha,uni0916094D.half,329
DevKhaR,uni0916094D0930,330
DevHalfKhaR,uni0916094D0930094D.half,331
DevGa,uni0917,332
DevHalfGa,uni0917094D.half,333
DevGaR,uni0917094D0930,334
DevHalfGaR,uni0917094D0930094D.half,335
DevGha,uni0918,336
DevGhaNukta,uni0918093C,337
DevHalfGhaNukta,uni0918093C094D.half,338
DevGhaNuktaR,uni0918093C094D0930,339
DevHalfGhaNuktaR,uni0918093C094D0930094D.half,340
DevHalfGha,uni0918094D.half,341
DevGhaR,uni0918094D0930,342
DevHalfGhaR,uni0918094D0930094D.half,343
DevNga,uni0919,344
DevNgaNukta,uni0919093C,345
DevHalfNgaNukta,uni0919093C094D.half,346
DevNgaNuktaR,uni0919093C094D0930,347
DevNgAaCndrbndRaAi,uni0919093E090109300948,348
DevHalfNga,uni0919094D.half,349
DevNg.Ka,uni0919094D0915,350
DevNg.Ka.alt,uni0919094D0915.alt,351
DevNg.Kha,uni0919094D0916,352
DevNg.Kha.alt,uni0919094D0916.alt,353
DevNg.Ga,uni0919094D0917,354
DevNg.Ga.alt,uni0919094D0917.alt,355
DevNg.Gha,uni0919094D0918,356
DevNg.Gha.alt,uni0919094D0918.alt,357
DevNg.Nga,uni0919094D0919,358
DevNg.Nga.alt,uni0919094D0919.alt,359
DevNgNga.Ya,uni0919094D0919094D092F,360
DevNgNga.HalfYa,uni0919094D0919094D092F094D.half,361
DevNgNga.YaRa,uni0919094D0919094D092F094D0930,362
DevNgNga.YaNukta,uni0919094D0919094D095F,363
DevNgNga.HalfYaNukta,uni0919094D0919094D095F094D.half,364
DevNgNga.YaNuktaRa,uni0919094D0919094D095F094D0930,365
DevNg.Ya,uni0919094D092F,366
DevNg.HalfYa,uni0919094D092F094D.half,367
DevNg.YaRa,uni0919094D092F094D0930,368
DevHalfNg.YaRa,uni0919094D092F094D0930094D.half,369
DevNgaR,uni0919094D0930,370
DevNg.Ha,uni0919094D0939,371
DevNg.Ha.alt,uni0919094D0939.alt,372
DevNg.YaNukta,uni0919094D095F,373
DevNg.HalfYaNukta,uni0919094D095F094D.half,374
DevNg.YaNuktaRa,uni0919094D095F094D0930,375
DevHalfNg.YaNuktaRa,uni0919094D095F094D0930094D.half,376
DevCa,uni091A,377
DevCaNukta,uni091A093C,378
DevHalfCaNukta,uni091A093C094D.half,379
DevCaNuktaR,uni091A093C094D0930,380
DevHalfCaNuktaR,uni091A093C094D0930094D.half,381
DevHalfCa,uni091A094D.half,382
DevC.Ca,uni091A094D091A,383
DevC.Ca.alt,uni091A094D091A.alt,384
DevCaR,uni091A094D0930,385
DevHalfCaR,uni091A094D0930094D.half,386
DevCha,uni091B,387
DevCha.alt,uni091B.alt,388
DevChaNukta,uni091B093C,389
DevHalfChaNukta,uni091B093C094D.half,390
DevChaNuktaR,uni091B093C094D0930,391
DevHalfCha,uni091B094D.half,392
DevHalfCha.halant,uni091B094D.half.halant,393
DevHalfCha.alt,uni091B094D.half.alt,394
DevCh.Ya,uni091B094D092F,395
DevCh.HalfYa,uni091B094D092F094D.half,396
DevCh.YaRa,uni091B094D092F094D0930,397
DevHalfCh.YaRa,uni091B094D092F094D0930094D.half,398
DevChaR,uni091B094D0930,399
DevCh.YaNukta,uni091B094D095F,400
DevCh.HalfYaNukta,uni091B094D095F094D.half,401
DevCh.YaNuktaRa,uni091B094D095F094D0930,402
DevHalfCh.YaNuktaRa,uni091B094D095F094D0930094D.half,403
DevJa,uni091C,404
DevHalfJa,uni091C094D.half,405
DevJ.Nya,uni091C094D091E,406
DevHalfJ.Nya,uni091C094D091E094D.half,407
DevJ.NyaR,uni091C094D091E094D0930,408
DevHalfJ.NyaR,uni091C094D091E094D0930094D.half,409
DevJaR,uni091C094D0930,410
DevHalfJaR,uni091C094D0930094D.half,411
DevJha,uni091D,412
DevJha.alt,uni091D.alt,413
DevJha.alt2,uni091D.alt2,414
DevJhaNukta,uni091D093C,415
DevJhaNukta.alt,uni091D093C.alt,416
DevJhaNukta.alt2,uni091D093C.alt2,417
DevHalfJhaNukta,uni091D093C094D.half,418
DevHalfJhaNukta.alt,uni091D093C094D.half.alt,419
DevHalfJhaNukta.alt2,uni091D093C094D.half.alt2,420
DevJhaNuktaR,uni091D093C094D0930,421
DevJhaNuktaR.alt,uni091D093C094D0930.alt,422
DevJhaNuktaR.alt2,uni091D093C094D0930.alt2,423
DevHalfJhaNuktaR,uni091D093C094D0930094D.half,424
DevHalfJhaNuktaR.alt,uni091D093C094D0930094D.half.alt,425
DevHalfJha,uni091D094D.half,426
DevHalfJha.alt,uni091D094D.half.alt,427
DevHalfJha.alt2,uni091D094D.half.alt2,428
DevJhaR,uni091D094D0930,429
DevJhaR.alt,uni091D094D0930.alt,430
DevJhaR.alt2,uni091D094D0930.alt2,431
DevHalfJhaR,uni091D094D0930094D.half,432
DevHalfJhaR.alt,uni091D094D0930094D.half.alt,433
DevNya,uni091E,434
DevNyaNukta,uni091E093C,435
DevHalfNyaNukta,uni091E093C094D.half,436
DevNyaNuktaR,uni091E093C094D0930,437
DevHalfNyaNuktaR,uni091E093C094D0930094D.half,438
DevHalfNya,uni091E094D.half,439
DevNyaR,uni091E094D0930,440
DevHalfNyaR,uni091E094D0930094D.half,441
DevTta,uni091F,442
DevTtaNukta,uni091F093C,443
DevHalfTtaNukta,uni091F093C094D.half,444
DevTtaNuktaR,uni091F093C094D0930,445
DevHalfTta,uni091F094D.half,446
DevTt.Tta,uni091F094D091F,447
DevTt.Tta.alt,uni091F094D091F.alt,448
DevTt.Ttha,uni091F094D0920,449
DevTt.Ttha.alt,uni091F094D0920.alt,450
DevTt.Ya,uni091F094D092F,451
DevTt.HalfYa,uni091F094D092F094D.half,452
DevTt.YaRa,uni091F094D092F094D0930,453
DevHalfTt.YaRa,uni091F094D092F094D0930094D.half,454
DevTtaR,uni091F094D0930,455
DevTt.YaNukta,uni091F094D095F,456
DevTt.HalfYaNukta,uni091F094D095F094D.half,457
DevTt.YaNuktaRa,uni091F094D095F094D0930,458
DevHalfTt.YaNuktaRa,uni091F094D095F094D0930094D.half,459
DevTtha,uni0920,460
DevTthaNukta,uni0920093C,461
DevHalfTthaNukta,uni0920093C094D.half,462
DevTthaNuktaR,uni0920093C094D0930,463
DevHalfTtha,uni0920094D.half,464
DevTth.Ttha,uni0920094D0920,465
DevTth.Ttha.alt,uni0920094D0920.alt,466
DevTth.Ya,uni0920094D092F,467
DevTth.HalfYa,uni0920094D092F094D.half,468
DevTth.YaRa,uni0920094D092F094D0930,469
DevHalfTth.YaRa,uni0920094D092F094D0930094D.half,470
DevTthaR,uni0920094D0930,471
DevTth.YaNukta,uni0920094D095F,472
DevTth.HalfYaNukta,uni0920094D095F094D.half,473
DevTth.YaNuktaRa,uni0920094D095F094D0930,474
DevHalfTth.YaNuktaRa,uni0920094D095F094D0930094D.half,475
DevDda,uni0921,476
DevHalfDda,uni0921094D.half,477
DevHalfDdaZWJ,uni0921094D200D.half,478
DevDd.Dda,uni0921094D0921,479
DevDd.Dda.alt,uni0921094D0921.alt,480
DevDd.Ya,uni0921094D092F,481
DevDd.HalfYa,uni0921094D092F094D.half,482
DevDd.YaRa,uni0921094D092F094D0930,483
DevHalfDd.YaRa,uni0921094D092F094D0930094D.half,484
DevDdaR,uni0921094D0930,485
DevDd.YaNukta,uni0921094D095F,486
DevDd.HalfYaNukta,uni0921094D095F094D.half,487
DevDd.YaNuktaRa,uni0921094D095F094D0930,488
DevHalfDd.YaNuktaRa,uni0921094D095F094D0930094D.half,489
DevDdha,uni0922,490
DevHalfDdha,uni0922094D.half,491
DevDdh.Ya,uni0922094D092F,492
DevDdh.HalfYa,uni0922094D092F094D.half,493
DevDdh.YaRa,uni0922094D092F094D0930,494
DevHalfDdh.YaRa,uni0922094D092F094D0930094D.half,495
DevDdhaR,uni0922094D0930,496
DevDdh.YaNukta,uni0922094D095F,497
DevDdh.HalfYaNukta,uni0922094D095F094D.half,498
DevDdh.YaNuktaRa,uni0922094D095F094D0930,499
DevHalfDdh.YaNuktaRa,uni0922094D095F094D0930094D.half,500
DevNna,uni0923,501
DevHalfNna,uni0923094D.half,502
DevNnaNukta,uni0923093C,503
DevHalfNnaNukta,uni0923093C094D.half,504
DevNnaR,uni0923094D0930,505
DevHalfNnaR,uni0923094D0930094D.half,506
DevNnaNuktaR,uni0923093C094D0930,507
DevHalfNnaNuktaR,uni0923093C094D0930094D.half,508
DevNna.archaic,uni0923.archaic,509
DevHalfNna.archaic,uni0923094D.half.archaic,510
DevTa,uni0924,511
DevTaNukta,uni0924093C,512
DevHalfTaNukta,uni0924093C094D.half,513
DevTaNuktaR,uni0924093C094D0930,514
DevTaNuktaR.alt,uni0924093C094D0930.alt,515
DevHalfTaNuktaR,uni0924093C094D0930094D.half,516
DevHalfTaNuktaR.alt,uni0924093C094D0930094D.half.alt,517
DevHalfTa,uni0924094D.half,518
DevT.Ta,uni0924094D0924,519
DevHalfT.Ta,uni0924094D0924094D.half,520
DevTaR,uni0924094D0930,521
DevTaR.alt,uni0924094D0930.alt,522
DevHalfTaR,uni0924094D0930094D.half,523
DevHalfTaR.alt,uni0924094D0930094D.half.alt,524
DevTha,uni0925,525
DevThaNukta,uni0925093C,526
DevHalfThaNukta,uni0925093C094D.half,527
DevThaNuktaR,uni0925093C094D0930,528
DevHalfThaNuktaR,uni0925093C094D0930094D.half,529
DevHalfTha,uni0925094D.half,530
DevThaR,uni0925094D0930,531
DevHalfThaR,uni0925094D0930094D.half,532
DevDa,uni0926,533
DevDaNukta,uni0926093C,534
DevHalfDaNukta,uni0926093C094D.half,535
DevDaNuktaR,uni0926093C094D0930,536
DevHalfDa,uni0926094D.half,537
DevD.Da,uni0926094D0926,538
DevD.Dha,uni0926094D0927,539
DevD.Ma,uni0926094D092E,540
DevD.Ya,uni0926094D092F,541
DevD.Ya.alt,uni0926094D092F.alt,542
DevD.HalfYa,uni0926094D092F094D.half,543
DevD.YaRa,uni0926094D092F094D0930,544
DevHalfD.YaRa,uni0926094D092F094D0930094D.half,545
DevDaR,uni0926094D0930,546
DevD.Wa,uni0926094D0935,547
DevD.YaNukta,uni0926094D095F,548
DevD.HalfYaNukta,uni0926094D095F094D.half,549
DevD.YaNuktaRa,uni0926094D095F094D0930,550
DevHalfD.YaNuktaRa,uni0926094D095F094D0930094D.half,551
DevDha,uni0927,552
DevDhaNukta,uni0927093C,553
DevHalfDhaNukta,uni0927093C094D.half,554
DevDhaNuktaR,uni0927093C094D0930,555
DevHalfDhaNuktaR,uni0927093C094D0930094D.half,556
DevHalfDha,uni0927094D.half,557
DevDhaR,uni0927094D0930,558
DevHalfDhaR,uni0927094D0930094D.half,559
DevNa,uni0928,560
DevHalfNa,uni0928094D.half,561
DevN.Na,uni0928094D0928,562
DevNaR,uni0928094D0930,563
DevHalfNaR,uni0928094D0930094D.half,564
DevNaNukta,uni0929,565
DevHalfNaNukta,uni0929094D.half,566
DevNaNuktaR,uni0929094D0930,567
DevHalfNaNuktaR,uni0929094D0930094D.half,568
DevPa,uni092A,569
DevPaNukta,uni092A093C,570
DevHalfPaNukta,uni092A093C094D.half,571
DevPaNuktaR,uni092A093C094D0930,572
DevHalfPaNuktaR,uni092A093C094D0930094D.half,573
DevHalfPa,uni092A094D.half,574
DevP.Ta,uni092A094D0924,575
DevPaR,uni092A094D0930,576
DevHalfPaR,uni092A094D0930094D.half,577
DevPha,uni092B,578
DevHalfPha,uni092B094D.half,579
DevPhaR,uni092B094D0930,580
DevHalfPhaR,uni092B094D0930094D.half,581
DevBa,uni092C,582
DevBaNukta,uni092C093C,583
DevHalfBaNukta,uni092C093C094D.half,584
DevBaNuktaR,uni092C093C094D0930,585
DevHalfBaNuktaR,uni092C093C094D0930094D.half,586
DevHalfBa,uni092C094D.half,587
DevBaR,uni092C094D0930,588
DevHalfBaR,uni092C094D0930094D.half,589
DevBha,uni092D,590
DevBhaNukta,uni092D093C,591
DevHalfBhaNukta,uni092D093C094D.half,592
DevBhaNuktaR,uni092D093C094D0930,593
DevHalfBhaNuktaR,uni092D093C094D0930094D.half,594
DevHalfBha,uni092D094D.half,595
DevBhaR,uni092D094D0930,596
DevHalfBhaR,uni092D094D0930094D.half,597
DevMa,uni092E,598
DevMaNukta,uni092E093C,599
DevHalfMaNukta,uni092E093C094D.half,600
DevMaNuktaR,uni092E093C094D0930,601
DevHalfMaNuktaR,uni092E093C094D0930094D.half,602
DevHalfMa,uni092E094D.half,603
DevMaR,uni092E094D0930,604
DevHalfMaR,uni092E094D0930094D.half,605
DevM.La,uni092E094D0932,606
DevM.La.alt,uni092E094D0932.alt,607
DevYa,uni092F,608
DevYa.alt,uni092F.alt,609
DevHalfYa,uni092F094D.half,610
DevHalfYa.alt,uni092F094D.half.alt,611
DevYaR,uni092F094D0930,612
DevYaR.alt,uni092F094D0930.alt,613
DevHalfYaR,uni092F094D0930094D.half,614
DevRa,uni0930,615
DevRaNuktaE,uni0930093C0947,616
DevRaNuktaAi,uni0930093C0948,617
DevR.U,uni09300941,618
DevRaMaatraU,uni09300941.alt,619
DevR.UNukta,uni09300941093C,620
DevRaMaatraUNukta,uni09300941093C.alt,621
DevR.UU,uni09300942,622
DevRaMaatraUU,uni09300942.alt,623
DevR.UUNukta,uni09300942093C,624
DevRaMaatraUUNukta,uni09300942093C.alt,625
DevRaE,uni09300947,626
DevRaAi,uni09300948,627
DevHalfRa,uni0930094D.half,628
DevRaReph,uni0930094D.reph,629
DevRaReph.alt,uni0930094D.reph.alt,630
DevRaReph.alt2,uni0930094D.reph.alt2,631
DevRephCandrabindu,uni0930094D0901,632
DevRephBindu,uni0930094D0902,633
DevRa.Ya,uni0930094D200C092F.alt,634
DevRa.HalfYa,uni0930094D200C092F094D.alt.half,635
DevRa.YaRa,uni0930094D200C092F094D0930.alt,636
DevRa.YaNukta,uni0930094D200C095F.alt,637
DevRa.HalfYaNukta,uni0930094D200C095F094D.alt.half,638
DevRa.YaNuktaRa,uni0930094D200C095F094D0930.alt,639
DevRaNukta,uni0931,640
DevRNukta.U,uni09310941,641
DevRaNuktaMaatraU,uni09310941.alt,642
DevRNukta.UNukta,uni09310941093C,643
DevRaNuktaMaatraUNukta,uni09310941093C.alt,644
DevRNukta.UU,uni09310942,645
DevRaNuktaMaatraUU,uni09310942.alt,646
DevRNukta.UUNukta,uni09310942093C,647
DevRaNuktaMaatraUUNukta,uni09310942093C.alt,648
DevHalfRaNukta,uni0931094D.half,649
DevLa,uni0932,650
DevLaNukta,uni0932093C,651
DevHalfLaNukta,uni0932093C094D.half,652
DevLaNuktaR,uni0932093C094D0930,653
DevHalfLaNuktaR,uni0932093C094D0930094D.half,654
DevHalfLa,uni0932094D.half,655
DevLaR,uni0932094D0930,656
DevHalfLaR,uni0932094D0930094D.half,657
DevL.La,uni0932094D0932,658
DevL.La.alt,uni0932094D0932.alt,659
DevLla,uni0933,660
DevHalfLla,uni0933094D.half,661
DevLlaR,uni0933094D0930,662
DevLlaNukta,uni0934,663
DevHalfLlaNukta,uni0934094D.half,664
DevLlaNuktaR,uni0934094D0930,665
DevWa,uni0935,666
DevWaNukta,uni0935093C,667
DevHalfWaNukta,uni0935093C094D.half,668
DevWaNuktaR,uni0935093C094D0930,669
DevHalfWaNuktaR,uni0935093C094D0930094D.half,670
DevHalfWa,uni0935094D.half,671
DevWaR,uni0935094D0930,672
DevHalfWaR,uni0935094D0930094D.half,673
DevSha,uni0936,674
DevShaNukta,uni0936093C,675
DevHalfShaNukta,uni0936093C094D.half,676
DevShaNuktaR,uni0936093C094D0930,677
DevShaNuktaR.alt,uni0936093C094D0930.alt,678
DevHalfShaNuktaR,uni0936093C094D0930094D.half,679
DevHalfShaNuktaR.alt,uni0936093C094D0930094D.half.alt,680
DevHalfSha,uni0936094D.half,681
DevSh.Ca,uni0936094D091A,682
DevShaR,uni0936094D0930,683
DevShaR.alt,uni0936094D0930.alt,684
DevHalfShaR,uni0936094D0930094D.half,685
DevHalfShaR.alt,uni0936094D0930094D.half.alt,686
DevSh.Wa,uni0936094D0935,687
DevSsa,uni0937,688
DevSsaNukta,uni0937093C,689
DevHalfSsaNukta,uni0937093C094D.half,690
DevSsaNuktaR,uni0937093C094D0930,691
DevHalfSsaNuktaR,uni0937093C094D0930094D.half,692
DevHalfSsa,uni0937094D.half,693
DevSs.Tta,uni0937094D091F,694
DevSs.Ttha,uni0937094D0920,695
DevSsaR,uni0937094D0930,696
DevHalfSsaR,uni0937094D0930094D.half,697
DevSa,uni0938,698
DevSaNukta,uni0938093C,699
DevHalfSaNukta,uni0938093C094D.half,700
DevSaNuktaR,uni0938093C094D0930,701
DevHalfSaNuktaR,uni0938093C094D0930094D.half,702
DevHalfSa,uni0938094D.half,703
DevS.Na,uni0938094D0928,704
DevSaR,uni0938094D0930,705
DevHalfSaR,uni0938094D0930094D.half,706
DevHa,uni0939,707
DevHaNukta,uni0939093C,708
DevHaNuktaMaatraUU,uni0939093C0942,709
DevHaNukta.halant,uni0939093C094D.halant,710
DevHalfHaNukta,uni0939093C094D.half,711
DevHaNuktaR,uni0939093C094D0930,712
DevHalfHaNuktaR,uni0939093C094D0930094D.halant,713
DevH.Ri,uni09390943,714
DevHa.halant,uni0939094D.halant,715
DevHalfHa,uni0939094D.half,716
DevH.Na,uni0939094D0928,717
DevH.Ma,uni0939094D092E,718
DevH.Ya,uni0939094D092F,719
DevH.Ya.alt,uni0939094D092F.alt,720
DevH.HalfYa,uni0939094D092F094D.half,721
DevH.YaRa,uni0939094D092F094D0930,722
DevHalfH.YaRa,uni0939094D092F094D0930094D.half,723
DevHaR,uni0939094D0930,724
DevHalfHaR,uni0939094D0930094D.halant,725
DevH.La,uni0939094D0932,726
DevH.Wa,uni0939094D0935,727
DevH.YaNukta,uni0939094D095F,728
DevH.HalfYaNukta,uni0939094D095F094D.half,729
DevH.YaNuktaRa,uni0939094D095F094D0930,730
DevHalfH.YaNuktaRa,uni0939094D095F094D0930094D.half,731
DevMaatraOE,uni093A,732
DevMaatraOOE,uni093B,733
DevNukta,uni093C,734
DevAvagraha,uni093D,735
DevMaatraAA,uni093E,736
DevMaatraAANukta,uni093E093C,737
DevMaatraI,uni093F,738
DevMaatraI.width20,uni093F.width20,739
DevMaatraI.width30,uni093F.width30,740
DevMaatraI.width40,uni093F.width40,741
DevMaatraINukta,uni093F093C,742
DevMaatraINukta.width20,uni093F093C.width20,743
DevMaatraINukta.width30,uni093F093C.width30,744
DevMaatraINukta.width40,uni093F093C.width40,745
DevMaatraII,uni0940,746
DevMaatraII.width20,uni0940.width20,747
DevMaatraII.width30,uni0940.width30,748
DevMaatraIIReph,uni09400930094D,749
DevMaatraII.width20Reph,uni09400930094D.width20,750
DevMaatraIIRephCandrabindu,uni09400930094D0901,751
DevMaatraII.width20RephCandrabindu,uni09400930094D0901.width20,752
DevMaatraIIRephBindu,uni09400930094D0902,753
DevMaatraII.width20RephBindu,uni09400930094D0902.width20,754
DevMaatraIINukta,uni0940093C,755
DevMaatraIINukta.width20,uni0940093C.width20,756
DevMaatraIINukta.width30,uni0940093C.width30,757
DevMaatraU,uni0941,758
DevMaatraUNukta,uni0941093C,759
DevMaatraUNukta.alt,uni0941093C.alt,760
DevMaatraUNukta.alt2,uni0941093C.alt2,761
DevMaatraUU,uni0942,762
DevMaatraUUNukta,uni0942093C,763
DevMaatraUUNukta.alt,uni0942093C.alt,764
DevMaatraUUNukta.alt2,uni0942093C.alt2,765
DevMaatraR,uni0943,766
DevMaatraRNukta,uni0943093C,767
DevMaatraRR,uni0944,768
DevMaatraRRNukta,uni0944093C,769
DevMaatraCandraE,uni0945,770
DevMaatraCandraENukta,uni0945093C,771
DevMaatraShortE,uni0946,772
DevMaatraShortEReph,uni09460930094D,773
DevMaatraShortERephCandrabindu,uni09460930094D0901,774
DevMaatraShortERephBindu,uni09460930094D0902,775
DevMaatraShortENukta,uni0946093C,776
DevMaatraE,uni0947,777
DevMaatraE.short,uni0947.short,778
DevMaatraEReph,uni09470930094D,779
DevMaatraERephCandrabindu,uni09470930094D0901,780
DevMaatraERephBindu,uni09470930094D0902,781
DevMaatraENukta,uni0947093C,782
DevMaatraENukta.alt,uni0947093C.alt,783
DevMaatraAi,uni0948,784
DevMaatraAi.short,uni0948.short,785
DevMaatraAiReph,uni09480930094D,786
DevMaatraAiRephCandrabindu,uni09480930094D0901,787
DevMaatraAiRephBindu,uni09480930094D0902,788
DevMaatraAiNukta,uni0948093C,789
DevMaatraCandraO,uni0949,790
DevMaatraCandraONukta,uni0949093C,791
DevMaatraShortO,uni094A,792
DevMaatraShortOReph,uni094A0930094D,793
DevMaatraShortORephCandrabindu,uni094A0930094D0901,794
DevMaatraShortORephBindu,uni094A0930094D0902,795
DevMaatraShortONukta,uni094A093C,796
DevMaatraO,uni094B,797
DevMaatraOReph,uni094B0930094D,798
DevMaatraORephCandrabindu,uni094B0930094D0901,799
DevMaatraORephBindu,uni094B0930094D0902,800
DevMaatraONukta,uni094B093C,801
DevMaatraAU,uni094C,802
DevMaatraAUReph,uni094C0930094D,803
DevMaatraAURephCandrabindu,uni094C0930094D0901,804
DevMaatraAURephBindu,uni094C0930094D0902,805
DevMaatraAUNukta,uni094C093C,806
DevHalant,uni094D,807
DevRaVattu,uni094D0930.rakar,808
DevRaVattu.alt,uni094D0930.rakar.alt,809
DevPrishthamatraE,uni094E,810
DevMaatraAW,uni094F,811
DevOm,uni0950,812
DevUdatta,uni0951,813
DevAnudatta,uni0952,814
DevGrave,uni0953,815
DevAcute,uni0954,816
DevMaatraCandraLongE,uni0955,817
DevMaatraUE,uni0956,818
DevMaatraUUE,uni0957,819
DevKaNukta,uni0958,820
DevHalfKaNukta,uni0958094D.half,821
DevKaNuktaR,uni0958094D0930,822
DevKaNuktaR.alt,uni0958094D0930.alt,823
DevHalfKaNuktaR,uni0958094D0930094D.half,824
DevHalfKaNuktaR.alt,uni0958094D0930094D.half.alt,825
DevKhaNukta,uni0959,826
DevHalfKhaNukta,uni0959094D.half,827
DevKhaNuktaR,uni0959094D0930,828
DevHalfKhaNuktaR,uni0959094D0930094D.half,829
DevGaNukta,uni095A,830
DevHalfGaNukta,uni095A094D.half,831
DevGaNuktaR,uni095A094D0930,832
DevHalfGaNuktaR,uni095A094D0930094D.half,833
DevJaNukta,uni095B,834
DevHalfJaNukta,uni095B094D.half,835
DevJaNuktaR,uni095B094D0930,836
DevHalfJaNuktaR,uni095B094D0930094D.half,837
DevDdaNukta,uni095C,838
DevHalfDdaNukta,uni095C094D.half,839
DevDdaNuktaR,uni095C094D0930,840
DevDdhaNukta,uni095D,841
DevHalfDdhaNukta,uni095D094D.half,842
DevDdhaNuktaR,uni095D094D0930,843
DevPhaNukta,uni095E,844
DevHalfPhaNukta,uni095E094D.half,845
DevPhaNuktaR,uni095E094D0930,846
DevHalfPhaNuktaR,uni095E094D0930094D.half,847
DevYaNukta,uni095F,848
DevYaNukta.alt,uni095F.alt,849
DevHalfYaNukta,uni095F094D.half,850
DevHalfYaNukta.alt,uni095F094D.half.alt,851
DevYaNuktaR,uni095F094D0930,852
DevYaNuktaR.alt,uni095F094D0930.alt,853
DevHalfYaNuktaR,uni095F094D0930094D.half,854
DevVowelRR,uni0960,855
DevVowelRRNukta,uni0960093C,856
DevVowelLL,uni0961,857
DevVowelLLNukta,uni0961093C,858
DevMaatraL,uni0962,859
DevMaatraLNukta,uni0962093C,860
DevMaatraLL,uni0963,861
DevMaatraLLNukta,uni0963093C,862
DevDanda,uni0964,863
DevDoubleDanda,uni0965,864
DevZero,uni0966,865
DevOne,uni0967,866
DevOneHalf,uni096720440968,867
DevOneQuarter,uni09672044096A,868
DevTwo,uni0968,869
DevThree,uni0969,870
DevThreeQuarters,uni09692044096A,871
DevFour,uni096A,872
DevFive,uni096B,873
DevFive.alt,uni096B.alt,874
DevSix,uni096C,875
DevSeven,uni096D,876
DevEight,uni096E,877
DevEight.alt,uni096E.alt,878
DevNine,uni096F,879
DevNine.alt,uni096F.alt,880
DevNine.alt2,uni096F.alt2,881
DevAbbreviation,uni0970,882
DevHighSpacingDot,uni0971,883
DevVowelCandraA,uni0972,884
DevVowelCandraANukta,uni0972093C,885
DevVowelOE,uni0973,886
DevVowelOOE,uni0974,887
DevVowelAW,uni0975,888
DevVowelUE,uni0976,889
DevVowelUUE,uni0977,890
DevDdaMarawari,uni0978,891
DevZha,uni0979,892
DevHeavyYa,uni097A,893
DevGga,uni097B,894
DevGgaNukta,uni097B093C,895
DevHalfGgaNukta,uni097B093C094D.half,896
DevGgaNuktaR,uni097B093C094D0930,897
DevHalfGgaNuktaR,uni097B093C094D0930094D.half,898
DevHalfGga,uni097B094D.half,899
DevGgaR,uni097B094D0930,900
DevHalfGgaR,uni097B094D0930094D.half,901
DevJja,uni097C,902
DevJjaNukta,uni097C093C,903
DevHalfJjaNukta,uni097C093C094D.half,904
DevJjaNuktaR,uni097C093C094D0930,905
DevHalfJjaNuktaR,uni097C093C094D0930094D.half,906
DevHalfJja,uni097C094D.half,907
DevJjaR,uni097C094D0930,908
DevHalfJjaR,uni097C094D0930094D.half,909
DevGlottalStop,uni097D,910
DevGlottalStop.alt,uni097D.alt,911
DevDdda,uni097E,912
DevDddaNukta,uni097E093C,913
DevHalfDddaNukta,uni097E093C094D.half,914
DevDddaNuktaR,uni097E093C094D0930,915
DevHalfDdda,uni097E094D.half,916
DevDddaR,uni097E094D0930,917
DevBba,uni097F,918
DevBbaNukta,uni097F093C,919
DevHalfBbaNukta,uni097F093C094D.half,920
DevBbaNuktaR,uni097F093C094D0930,921
DevHalfBbaNuktaR,uni097F093C094D0930094D.half,922
DevHalfBba,uni097F094D.half,923
DevBbaR,uni097F094D0930,924
DevHalfBbaR,uni097F094D0930094D.half,925
ThinSpace,uni2009,926
ZeroWidthSpace,uni200B,927
ZeroWidthNonJoiner,uni200C,928
ZeroWidthJoiner,uni200D,929
NarrowNoBreakSpace,uni202F,930
RupeeSgn,uni20A8,931
IndianRupeeSgn,uni20B9,932
DottedCirc,uni25CC,933
NorthIndicFracOneQuarter,uniA830,934
NorthIndicFracOneHalf,uniA831,935
NorthIndicFracThreeQuarters,uniA832,936
NorthIndicFracOneSixteenth,uniA833,937
NorthIndicFracOneEighth,uniA834,938
NorthIndicFracThreeSixteenths,uniA835,939
NorthIndicQuarterMark,uniA836,940
NorthIndicPlaceholderMark,uniA837,941
NorthIndicRupeeMark,uniA838,942
NorthIndicQuantityMark,uniA839,943
DevCombDigZero,uniA8E0,944
DevCombDigOne,uniA8E1,945
DevCombDigTwo,uniA8E2,946
DevCombDigThree,uniA8E3,947
DevCombDigFour,uniA8E4,948
DevCombDigFive,uniA8E5,949
DevCombDigSix,uniA8E6,950
DevCombDigSeven,uniA8E7,951
DevCombDigEight,uniA8E8,952
DevCombDigNine,uniA8E9,953
DevCombLtrA,uniA8EA,954
DevCombLtrU,uniA8EB,955
DevCombLtrKa,uniA8EC,956
DevCombLtrNa,uniA8ED,957
DevCombLtrPa,uniA8EE,958
DevCombLtrRA,uniA8EF,959
DevCombLtrVI,uniA8F0,960
DevCombAvagraha,uniA8F1,961
DevSpacingCandrabindu,uniA8F2,962
DevCandrabinduVirama,uniA8F3,963
DevDblCandrabinduVirama,uniA8F4,964
DevCandrabinduTwo,uniA8F5,965
DevCandrabinduThree,uniA8F6,966
DevCandrabinduAvagraha,uniA8F7,967
DevPushpika,uniA8F8,968
DevGapFiller,uniA8F9,969
DevCaret,uniA8FA,970
DevHeadstroke,uniA8FB,971
DevHeadstroke.discrete,uniA8FB.discrete,972
DevHeadstroke.narrow,uniA8FB.narrow,973
DevHeadstroke.filler,uniA8FB.filler,974
DevSignSiddham,uniA8FC,975
DevJainOm,uniA8FD,976
DevJainOm.alt,uniA8FD.alt,977
DevVowelAY,uniA8FE,978
DevMaatraAY,uniA8FF,979
enquad,uni2000,980
emquad,uni2001,981
enspace,uni2002,982
emspace,uni2003,983
threeperemspace,uni2004,984
fourperemspace,uni2005,985
sixperemspace,uni2006,986
figurespace,uni2007,987
punctuationspace,uni2008,988
hairspace,uni200A,989
hyphentwo,uni2010,990
nbhyphen,uni2011,991
figuredash,figuredash,992
endash,endash,993
emdash,emdash,994
horizontalbar,uni2015,995
quoteleft,quoteleft,996
quoteright,quoteright,997
quotesinglbase,quotesinglbase,998
quotedblleft,quotedblleft,999
quotedblright,quotedblright,1000
quotedblbase,quotedblbase,1001
dagger,dagger,1002
daggerdbl,daggerdbl,1003
bullet,bullet,1004
ellipsis,ellipsis,1005
hyphenationpoint,uni2027,1006
lineseparator,uni2028,1007
paragraphseparator,uni2029,1008
perthousand,perthousand,1009
guilsinglleft,guilsinglleft,1010
guilsinglright,guilsinglright,1011
wj,uni2060,1012
zerosuperior,uni2070,1013
foursuperior,uni2074,1014
fivesuperior,uni2075,1015
sixsuperior,uni2076,1016
sevensuperior,uni2077,1017
eightsuperior,uni2078,1018
ninesuperior,uni2079,1019
euro,Euro,1020
trademark,trademark,1021
Ohm,Omega,1022
partialdiff,partialdiff,1023
Delta,Delta,1024
product,product,1025
summation,summation,1026
minus,minus,1027
divisionslash,uni2215,1028
bulletoperator,uni2219,1029
radical,radical,1030
infinity,infinity,1031
integral,integral,1032
approxequal,approxequal,1033
notequal,notequal,1034
lessequal,lessequal,1035
greaterequal,greaterequal,1036
openbox,uni2423,1037
lozenge,lozenge,1038
fi,uniFB01,1039
fl,uniFB02,1040
VS1,uniFE00,1041
VS2,uniFE01,1042
VS3,uniFE02,1043
VS4,uniFE03,1044
VS5,uniFE04,1045
VS6,uniFE05,1046
VS7,uniFE06,1047
VS8,uniFE07,1048
VS9,uniFE08,1049
VS10,uniFE09,1050
VS11,uniFE0A,1051
VS12,uniFE0B,1052
VS13,uniFE0C,1053
VS14,uniFE0D,1054
VS15,uniFE0E,1055
VS16,uniFE0F,1056
zwnbsp,uniFEFF,1057
objectReplacementCharacter,uniFFFC,1058
replacementCharacter,uniFFFD,1059
DevAaCndrbndRaAi,DevAaCndrbndRaAi,1060
DevNgAaCndrbndRaAi.001,DevNgAaCndrbndRaAi.001,1061
GlobalMask,GlobalMask,1062
BarTop,BarTop,1063
BarTopShort,BarTopShort,1064
BarVertical,BarVertical,1065
BarVertical560,BarVertical560,1066
BarVertical400,BarVertical400,1067
BarH670,BarH670,1068
BarClubLeft,BarClubLeft,1069
LoopRightOpen,LoopRightOpen,1070
LoopLeftClosed,LoopLeftClosed,1071
LoopRtAngle,LoopRtAngle,1072
DogLeg,DogLeg,1073
DogLegShort,DogLegShort,1074
Dda.Comp,Dda.Comp,1075
DotLarge,DotLarge,1076
Dot200,Dot200,1077
Dot240,Dot240,1078
Flame,Flame,1079
Candra,Candra,1080
ThreeTail,ThreeTail,1081
VowelI.comp,VowelI.comp,1082
NineTail,NineTail,1083
Sha.comp,Sha.comp,1084
Dda.small,Dda.small,1085
HookLeft,HookLeft,1086
LaCurves,LaCurves,1087
.Scratch,Scratch,1088
FractionBar,FractionBar,1089
_BarTopShortExt,_BarTopShortExt,1090
